,ticker,name
1,BF/B,BROWN FORMAN CORP
2,IAU,ISHARES GOLD TRUST
3,IEMG,ISHARES INC
4,EWZ,ISHARES INC
5,EWY,ISHARES INC
6,EWT,ISHARES INC
7,EWW,ISHARES INC
8,IEFA,ISHARES TR
9,IVV,ISHARES TR
10,LQD,ISHARES TR
11,EFA,ISHARES TR
12,EEM,ISHARES TR
13,FXI,ISHARES TR
14,MCHI,ISHARES TR
15,GLD,SPDR GOLD TR
16,SPY,SPDR S&P 500 ETF TR
17,VWO,VANGUARD INTL EQUITY INDEX F
18,VEA,VANGUARD TAX-MANAGED INTL FD
21,SGOL,ABERDEEN STD GOLD ETF TR
22,SIVR,ABERDEEN STD SILVER ETF TR
29,IBUY,AMPLIFY ETF TR
31,ARKW,ARK ETF TR
37,BRK/A,BERKSHIRE HATHAWAY INC DEL
39,BIO/B,BIO RAD LABS INC
41,BF/A,BROWN FORMAN CORP
46,EBR/B,CENTRAIS ELETRICAS BRASILEIR
50,CHA,CHINA TELECOM CORP LTD
53,CWEN/A,CLEARWAY ENERGY INC
58,STZ/B,CONSTELLATION BRANDS INC
60,KOR,CORVUS GOLD INC
61,CRD/A,CRAWFORD & CO
62,CRD/B,CRAWFORD & CO
64,ASHR,DBX ETF TR
65,HYLB,DBX ETF TR
66,ERY,DIREXION SHS ETF TR
67,YANG,DIREXION SHS ETF TR
68,EDZ,DIREXION SHS ETF TR
69,TZA,DIREXION SHS ETF TR
70,LABD,DIREXION SHS ETF TR
71,JDST,DIREXION SHS ETF TR
72,SOXS,DIREXION SHS ETF TR
73,SPDN,DIREXION SHS ETF TR
78,AKO/A,EMBOTELLADORA ANDINA S A
79,AKO/B,EMBOTELLADORA ANDINA S A
81,HACK,ETF MANAGERS TR
82,SILJ,ETF MANAGERS TR
84,EMQQ,EXCHANGE TRADED CONCEPTS TR
85,ROBO,EXCHANGE TRADED CONCEPTS TR
86,ONEQ,FIDELITY COMWLTH TR
87,FDIS,FIDELITY COVINGTON TRUST
88,FTEC,FIDELITY COVINGTON TRUST
89,FBND,FIDELITY MERRIMACK STR TR
90,FTSM,FIRST TR EXCHANGE-TRADED FD
91,HYLS,FIRST TR EXCHANGE-TRADED FD
92,LMBS,FIRST TR EXCHANGE-TRADED FD
93,CIBR,FIRST TR EXCHANGE TRADED FD
94,FTSL,FIRST TR EXCHANGE-TRADED FD
95,FXL,FIRST TR EXCHANGE TRADED FD
96,FIXD,FIRST TR EXCHNG TRADED FD VI
97,FPE,FIRST TR EXCH TRADED FD III
98,GUNR,FLEXSHARES TR
104,CLOU,GLOBAL X FDS
105,SIL,GLOBAL X FDS
106,LIT,GLOBAL X FDS
107,QYLD,GLOBAL X FDS
108,BOTZ,GLOBAL X FDS
109,GBIL,GOLDMAN SACHS ETF TR
110,GRP/U,GRANITE REAL ESTATE INVT TR
111,GTN/A,GRAY TELEVISION INC
114,GEF/B,GREIF INC
118,HEI/A,HEICO CORP NEW
124,III,INFORMATION SVCS GROUP INC
125,GSY,INVESCO ACTIVELY MANAGED ETF
126,FXE,INVESCO CURRENCYSHARES EURO
127,PGF,INVESCO EXCHANGE TRADED FD T
128,RSP,INVESCO EXCHANGE TRADED FD T
129,RPG,INVESCO EXCHANGE TRADED FD T
130,PBW,INVESCO EXCHANGE TRADED FD T
131,PCEF,INVESCO EXCH TRADED FD TR II
132,CQQQ,INVESCO EXCH TRADED FD TR II
133,PCY,INVESCO EXCH TRADED FD TR II
134,PHB,INVESCO EXCH TRADED FD TR II
135,PZA,INVESCO EXCH TRADED FD TR II
136,PGX,INVESCO EXCH TRADED FD TR II
137,TAN,INVESCO EXCH TRADED FD TR II
138,BKLN,INVESCO EXCH TRADED FD TR II
139,BAB,INVESCO EXCH TRADED FD TR II
140,VRP,INVESCO EXCH TRADED FD TR II
141,BSCM,INVESCO EXCH TRD SLF IDX FD
144,ESGE,ISHARES INC
145,LEMB,ISHARES INC
146,EWA,ISHARES INC
147,EWC,ISHARES INC
148,EWQ,ISHARES INC
149,EWG,ISHARES INC
150,EWI,ISHARES INC
151,EWS,ISHARES INC
152,EWP,ISHARES INC
153,EWD,ISHARES INC
154,EWL,ISHARES INC
155,TUR,ISHARES INC
156,SLV,ISHARES SILVER TR
157,SHYG,ISHARES TR
158,SLQD,ISHARES TR
159,STIP,ISHARES TR
160,TLH,ISHARES TR
161,SHY,ISHARES TR
162,IEI,ISHARES TR
163,AOA,ISHARES TR
164,CMF,ISHARES TR
165,ISTB,ISHARES TR
166,DGRO,ISHARES TR
167,HDV,ISHARES TR
168,IEUR,ISHARES TR
169,IXUS,ISHARES TR
170,IJH,ISHARES TR
171,IJR,ISHARES TR
172,ITOT,ISHARES TR
173,IUSG,ISHARES TR
174,IUSB,ISHARES TR
175,AGG,ISHARES TR
176,SCZ,ISHARES TR
177,ESGD,ISHARES TR
178,ESGU,ISHARES TR
179,IEV,ISHARES TR
180,IGM,ISHARES TR
181,XT,ISHARES TR
182,ICLN,ISHARES TR
183,IXN,ISHARES TR
184,AOR,ISHARES TR
185,HYG,ISHARES TR
186,IGOV,ISHARES TR
187,EMB,ISHARES TR
188,ILF,ISHARES TR
189,MBB,ISHARES TR
190,AOM,ISHARES TR
191,AAXJ,ISHARES TR
192,ACWI,ISHARES TR
193,ACWX,ISHARES TR
194,EUFN,ISHARES TR
195,KSA,ISHARES TR
196,EWU,ISHARES TR
197,PFF,ISHARES TR
198,IWB,ISHARES TR
199,IWF,ISHARES TR
200,IWO,ISHARES TR
201,IWS,ISHARES TR
202,IWR,ISHARES TR
203,IWV,ISHARES TR
204,IWY,ISHARES TR
205,SUB,ISHARES TR
206,OEF,ISHARES TR
207,IVW,ISHARES TR
208,IJK,ISHARES TR
209,IJJ,ISHARES TR
210,IJT,ISHARES TR
213,VNLA,JANUS DETROIT STR TR
219,KBA,KRANESHARES TR
220,KWEB,KRANESHARES TR
221,RODM,LATTICE STRATEGIES TR
223,LEN/B,LENNAR CORP
227,LGF/A,LIONS GATE ENTMNT CORP
228,LGF/B,LIONS GATE ENTMNT CORP
233,MKC/V,MCCORMICK & CO INC
234,MTL/P,MECHEL PAO
244,MOG/B,MOOG INC
252,OBLN,OBALON THERAPEUTICS INC
260,PBR/A,PETROLEO BRASILEIRO SA PETRO
262,BOND,PIMCO ETF TR
263,MINT,PIMCO ETF TR
267,EUM,PROSHARES TR
268,TBF,PROSHARES TR
269,BZQ,PROSHARES TR
270,TWM,PROSHARES TR
278,SCHE,SCHWAB STRATEGIC TR
279,SCHF,SCHWAB STRATEGIC TR
280,SCHC,SCHWAB STRATEGIC TR
281,SCHR,SCHWAB STRATEGIC TR
282,FNDE,SCHWAB STRATEGIC TR
283,FNDF,SCHWAB STRATEGIC TR
284,SCHO,SCHWAB STRATEGIC TR
285,SCHZ,SCHWAB STRATEGIC TR
286,SCHB,SCHWAB STRATEGIC TR
287,SCHG,SCHWAB STRATEGIC TR
288,SCHX,SCHWAB STRATEGIC TR
289,SCHM,SCHWAB STRATEGIC TR
290,SCHA,SCHWAB STRATEGIC TR
291,XLE,SELECT SECTOR SPDR TR
292,XLY,SELECT SECTOR SPDR TR
293,XLP,SELECT SECTOR SPDR TR
294,XLV,SELECT SECTOR SPDR TR
295,XLF,SELECT SECTOR SPDR TR
296,XLI,SELECT SECTOR SPDR TR
297,XLU,SELECT SECTOR SPDR TR
298,XLB,SELECT SECTOR SPDR TR
305,DIA,SPDR DOW JONES INDL AVERAGE
306,FEZ,SPDR INDEX SHS FDS
307,CWI,SPDR INDEX SHS FDS
308,SPDW,SPDR INDEX SHS FDS
309,SPEM,SPDR INDEX SHS FDS
310,GXC,SPDR INDEX SHS FDS
311,CWB,SPDR SER TR
312,FLRN,SPDR SER TR
313,BWX,SPDR SER TR
314,JNK,SPDR SER TR
315,SJNK,SPDR SER TR
316,HYMB,SPDR SER TR
317,SHM,SPDR SER TR
318,TFI,SPDR SER TR
319,SPTI,SPDR SER TR
320,SPIP,SPDR SER TR
321,SPAB,SPDR SER TR
322,SPIB,SPDR SER TR
323,SPTL,SPDR SER TR
324,SPSB,SPDR SER TR
325,SPTS,SPDR SER TR
326,SPMD,SPDR SER TR
327,SPLG,SPDR SER TR
328,SPTM,SPDR SER TR
329,SDY,SPDR SER TR
330,BIL,SPDR SER TR
331,XHB,SPDR SER TR
332,XRT,SPDR SER TR
333,PSK,SPDR SER TR
334,SRLN,SSGA ACTIVE ETF TR
335,TOTL,SSGA ACTIVE ETF TR
343,TGA,TRANSGLOBE ENERGY CORP
350,ANGL,VANECK VECTORS ETF TR
351,GDX,VANECK VECTORS ETF TR
352,EMLC,VANECK VECTORS ETF TR
353,VOOG,VANGUARD ADMIRAL FDS INC
354,BIV,VANGUARD BD INDEX FDS
355,BSV,VANGUARD BD INDEX FDS
356,BND,VANGUARD BD INDEX FDS
357,BNDX,VANGUARD CHARLOTTE FDS
358,VXF,VANGUARD INDEX FDS
359,VUG,VANGUARD INDEX FDS
360,VV,VANGUARD INDEX FDS
361,VOT,VANGUARD INDEX FDS
362,VOE,VANGUARD INDEX FDS
363,VO,VANGUARD INDEX FDS
364,VB,VANGUARD INDEX FDS
365,VBR,VANGUARD INDEX FDS
366,VBK,VANGUARD INDEX FDS
367,VOO,VANGUARD INDEX FDS
368,VTI,VANGUARD INDEX FDS
369,VTV,VANGUARD INDEX FDS
370,VEU,VANGUARD INTL EQUITY INDEX F
371,VGK,VANGUARD INTL EQUITY INDEX F
372,VSS,VANGUARD INTL EQUITY INDEX F
373,VT,VANGUARD INTL EQUITY INDEX F
374,VTIP,VANGUARD MALVERN FDS
375,VGIT,VANGUARD SCOTTSDALE FDS
376,VCIT,VANGUARD SCOTTSDALE FDS
377,VMBS,VANGUARD SCOTTSDALE FDS
378,VGSH,VANGUARD SCOTTSDALE FDS
379,VONG,VANGUARD SCOTTSDALE FDS
380,VONE,VANGUARD SCOTTSDALE FDS
381,VTWO,VANGUARD SCOTTSDALE FDS
382,VXUS,VANGUARD STAR FDS
383,VWOB,VANGUARD WHITEHALL FDS
384,VYM,VANGUARD WHITEHALL FDS
385,VIGI,VANGUARD WHITEHALL FDS
386,MGK,VANGUARD WORLD FD
387,VOX,VANGUARD WORLD FDS
388,VCR,VANGUARD WORLD FDS
389,VDE,VANGUARD WORLD FDS
390,VGT,VANGUARD WORLD FDS
391,VAW,VANGUARD WORLD FDS
394,WSO/B,WATSCO INC
398,JW/A,WILEY JOHN & SONS INC
400,DEM,WISDOMTREE TR
401,DGS,WISDOMTREE TR
402,DLS,WISDOMTREE TR
403,DES,WISDOMTREE TR
410,QFIN,360   DIGITECH      INC
412,ACAMW,ACAMAR   PARTNERS   ACQSITION           CO
418,AMLP,ALPS    ETF   TR
419,ALTG/WS,ALTA   EQUIPMENT       GROUP    INC
420,ALUS/WS,ALUSSA    ENERGY      ACQUISITION      CO
421,APXTW,APEX   TECHNOLOGY  ACQUISITION
422,ARKF,ARK   ETF   TR
423,AACQW,ARTIUS   ACQUISITION         INC
424,AACQU,ARTIUS   ACQUISITION         INC
425,ACND/WS,ASCENDANT       DIGITAL     ACQUISITIO
426,ACND/U,ASCENDANT       DIGITAL     ACQUISITIO
428,ASPL/U,ASPIRATIONAL      CONSUMER      LIFEST
429,VXX,BARCLAYS    BANK    PLC
431,BRK/B,BERKSHIRE      HATHAWAY    INC     DEL
432,BH/A,BIGLARI       HLDGS   INC
437,BSN/U,BROADSTONE   ACQUISITION         CORP
442,CPSR/U,CAPSTAR   SPL   PURP   ACQUISITION
443,CPSR/WS,CAPSTAR   SPL   PURP   ACQUISITION
444,PRPB/U,CC   NEUBERGER       PRIN  HLDGS      II
445,PRPB/WS,CC   NEUBERGER     PRIN  HLDGS     II
446,PCPL/U,CC   NEUBERGER    PRINCIPAL      HLDNG
447,PCPL/WS,CC   NEUBERGER    PRINCIPAL      HLDNG
453,CHPMW,CHP   MERGER     CORP
455,CCX/WS,CHURCHILL   CAP    CORP    II
456,CCIV/WS,CHURCHILL   CAPITAL      CORP    IV
457,CCIV/U,CHURCHILL   CAPITAL      CORP    IV
458,CIICW,CIIG   MERGER     CORP
461,CCAC/U,CITIC  CAPITAL    ACQUISITION          CO
462,CCAC/WS,CITIC  CAPITAL    ACQUISITION          CO
464,CLII/U,CLIMATE   CHANGE     CRISIS    REAL      I
465,RQI,COHEN   &   STEERS    QUALITY       INCOM
466,CRHC/U,COHN   ROBBINS     HOLDINGS    CORP
467,CLA/U,COLONNADE     ACQUISITION      CORP
471,CRSAW,CRESCENT     ACQUISITION           CORP
473,DEH/WS,D8   HOLDINGS     CORP
474,DEH/U,D8   HOLDINGS     CORP
475,DFHTW,DEERFIELD       HEALTHCARE       TECH     AC
478,DFPHW,DFP   HEALTHCARE    ACQUISITNS   CO
479,LABU,DIREXION     SHS  ETF   TR
480,BRZU,DIREXION  SHS  ETF  TR
481,GUSH,DIREXION  SHS  ETF  TR
482,NUGT,DIREXION  SHS  ETF  TR
484,DMYD/U,DMY     TECHNOLOGY     GROUP       INC  II
485,DGNR/U,DRAGONEER     GROWTH     OPPORTUN      CO
490,EQD/U,EQUITY   DISTR     ACQUISITION  COR
492,ENPC/U,EXECUTIVE    NETWORK    PARTNERING
493,EXPCW,EXPERIENCE       INVT  CORP
496,FST/U,FAST  ACQUISITION      CORP
497,FGNA/U,FG      NEW   AMER    ACQUISITION   CORP
499,FSRVW,FINSERV   ACQUISITION        CORP
501,FTXO,FIRST    TR  EXCHANGE-TRADED          FD
502,FBZ,FIRST  TR  EXCH  TRD   ALPHDX     FD
503,SKYY,FIRST  TR  EXCHANGE      TRADED  FD
504,FXD,FIRST  TR  EXCHANGE    TRADED  FD
505,FXN,FIRST  TR  EXCHANGE    TRADED  FD
506,QTEC,FIRST  TR  NASDAQ    100   TECH  IND
508,BFT/U,FOLEY   TRASIMENE    ACQUISITION
509,WPF/WS,FOLEY   TRASIMENE    ACQUISTN    COR
510,WPF/U,FOLEY   TRASIMENE    ACQUISTN    COR
511,FAII/U,FORTRESS  VALUE   ACQUISITION       I
512,FIIIW,FORUM   MERGER       III   CORP
517,FUSE/U,FUSION    ACQUISITION        CORP
518,FUSE/WS,FUSION    ACQUISITION        CORP
520,GD,GENERAL   DYNAMICS        CORP
522,GIK/WS,GIGCAPITAL3       INC
523,GB/WS,GLOBAL  BLUE     GROUP     HOLDING    AG
525,GOAC/WS,GO   ACQUISITION       CORP
526,GOAC/U,GO   ACQUISITION       CORP
527,GSLC,GOLDMAN   SACHS    ETF   TR
529,GHIVW,GORES   HLDGS      IV  INC
530,GDYNW,GRID   DYNAMICS   HLDGS    INC
531,GSAH/WS,GS   ACQUISITION         HLDGS     CORP     II
532,GSAH/U,GS   ACQUISITION         HLDGS     CORP     II
535,GXGXW,GX   ACQUISITION         CORP
538,HZAC/U,HORIZON     ACQUISITION     CORP
539,HPX/WS,HPX   CORP
540,HPX/U,HPX   CORP
541,HECCW,HUDSON   EXECUTIVE      INVT   CORP
546,IGICW,INTL   GNRL   INSURANCE     HLDNGS     L
548,SPLV,INVESCO  EXCH  TRADED  FD  TR  II
549,PEZ,INVESCO  EXCHANGE  TRADED  FD   T
550,QQQ,INVESCO  QQQ  TR
551,FM,ISHARES    INC
552,EIS,ISHARES  INC
553,EWN,ISHARES  INC
554,ECH,ISHARES  INC
555,THD,ISHARES  INC
556,EPOL,ISHARES  TR
557,IGV,ISHARES  TR
558,IYW,ISHARES  TR
559,USHY,ISHARES  TR
560,ITB,ISHARES  TR
561,MTUM,ISHARES  TR
562,IWP,ISHARES  TR
563,IYT,ISHARES  TR
564,EPHE,ISHARES  TR
565,ENZL,ISHARES  TR
566,SOXX,ISHARES  TR
567,EIDO,ISHARES  TR
568,IGIB,ISHARES  TR
569,ITA,ISHARES  TR
570,IEF,ISHARES  TR
571,FLOT,ISHARES  TR
572,IGSB,ISHARES  TR
573,MUB,ISHARES  TR
574,TLT,ISHARES  TR
575,IWM,ISHARES  TR
576,TIP,ISHARES  TR
577,IYR,ISHARES  TR
578,IBB,ISHARES  TR
580,BBJP,J    P  MORGAN  EXCHANGE-TRADED   F
581,BBEU,J    P  MORGAN  EXCHANGE-TRADED   F
582,JPST,J    P  MORGAN  EXCHANGE-TRADED   F
583,JWS/U,JAWS   ACQUISITION      CORP
584,JWS/WS,JAWS   ACQUISITION      CORP
585,JIH/WS,JUNIPER    INDL    HLDGS   INC
586,JIH/U,JUNIPER    INDL    HLDGS   INC
587,KLR/WS,KALEYRA   INC
590,DFNS/U,LGL   SYS    ACQUISITION    CORP
591,DFNS/WS,LGL   SYS    ACQUISITION    CORP
595,LGVW/WS,LONGVIEW     ACQUISITION        CORP
596,LGVW/U,LONGVIEW     ACQUISITION        CORP
598,MOG/A,MOOG  INC
599,NESRW,NATIONAL   ENERGY      SERVICES    REU
601,NSH/U,NAVSIGHT     HLDGS   INC
602,NSCO/WS,NESCO    HLDGS  INC
603,NFH/WS,NEW  FRONTIER     HEALTH     CORP
605,NPAWW,NEW  PROVIDENCE       ACQUISITION
608,NHICW,NEWHOLD    INVESTMENT      CORP
609,NEE/PO,NEXTERA     ENERGY     INC
610,NEE/PQ,NEXTERA     ENERGY     INC
612,NGA/U,NORTHERN   GENESIS   ACQUISITION
614,OAC/WS,OAKTREE   ACQUISITION     CORP
615,OACB/U,OAKTREE   ACQUISITION     CORP  II
616,OXY/WS,OCCIDENTAL     PETE  CORP
618,AONE/U,ONE
621,SFTW/U,OSPREY   TECHNLGY         AQUISTION     CO
622,SFTW/WS,OSPREY   TECHNLGY         AQUISTION     CO
624,PAEWW,PAE     INC
625,PANA/WS,PANACEA   ACQUISITION         CORP
626,PANA/U,PANACEA   ACQUISITION         CORP
627,PDAC/U,PERIDOT     ACQUISITION        CORP
628,PSTH/WS,PERSHING     SQUARE     TONTINE     HLDG
632,PMVC/U,PMV   CONSUMER     ACQUISITION     COR
633,PTMN,PORTMAN   RIDGE     FIN  CORP
634,PIAI/U,PRIME   IMPACT     ACQUISITION      I
635,TBT,PROSHARES   TR
636,SH,PROSHARES  TR
637,QID,PROSHARES  TR
638,UDOW,PROSHARES  TR
639,SSO,PROSHARES  TR
640,UVXY,PROSHARES  TR  II
644,RBAC/U,REDBALL     ACQUISITION        CORP
645,RTP/U,REINVENT    TECHNOLOGY         PARTNERS
647,RPLA/WS,REPLAY   ACQUISITION           CORP
648,LEAP/U,RIBBIT   LEAP     LTD
649,RDS/A,ROYAL   DUTCH     SHELL    PLC
650,RDS/B,ROYAL   DUTCH     SHELL    PLC
653,SBG/U,SANDBRIDGE  ACQUISITION          CORP
654,SCPE/WS,SC   HEALTH  CORP
655,SCHD,SCHWAB  STRATEGIC  TR
656,SCVX/U,SCVX   CORP
657,SCVX/WS,SCVX   CORP
658,XLRE,SELECT  SECTOR     SPDR  TR
659,XLC,SELECT  SECTOR     SPDR  TR
660,XLK,SELECT  SECTOR     SPDR  TR
661,SRE/PA,SEMPRA   ENERGY
665,MDY,SPDR  S&P  MIDCAP   400   ETF  TR
666,XOP,SPDR  SER  TR
667,KRE,SPDR  SER  TR
668,KBE,SPDR  SER  TR
669,XBI,SPDR  SER  TR
670,STPK/U,STAR   PEAK     ENERGY       TRANSITION
672,SOAC/WS,SUSTAINABLE   OPPORTNTS       ACQ  CO
673,SOAC/U,SUSTAINABLE   OPPORTNTS       ACQ  CO
674,TWND/U,TAILWIND       ACQUISITION       CORP
676,THWWW,TARGET  HOSPITALITY          CORP
678,THBRW,THUNDER     BRDG   ACQUISTION    II   L
679,SNPR/U,TORTOISE    ACQUISITION     CORP     II
680,TREB/U,TREBIA   ACQUISITION     CORP
681,TREB/WS,TREBIA   ACQUISITION     CORP
682,BNO,UNITED  STS     BRENT     OIL   FD     LP
683,USO,UNITED  STS    OIL  FD     LP
684,ECOLW,US   ECOLOGY  INC
685,UTZ/WS,UTZ     BRANDS  INC
686,OIH,VANECK  VECTORS  ETF  TR
687,GDXJ,VANECK  VECTORS  ETF  TR
688,SMH,VANECK  VECTORS  ETF  TR
689,RSX,VANECK  VECTORS  ETF  TR
690,VNQ,VANGUARD     INDEX     FDS
691,VTEB,VANGUARD     MUN   BD  FDS
692,VPL,VANGUARD  INTL  EQUITY  INDEX  F
693,VCSH,VANGUARD  SCOTTSDALE    FDS
694,VIG,VANGUARD  SPECIALIZED      FUNDS
695,VIS,VANGUARD  WORLD  FDS
698,VRT/WS,VERTIV   HOLDINGS     CO
705,HIX,WESTERN   ASSET     HIGH  INCOME    FD
706,FREEW,WHOLE   EARTH     BRANDS     INC
708,EPI,WISDOMTREE  TR
710,YAC/WS,YUCAIPA       ACQUISITION        CORP
711,YAC/U,YUCAIPA       ACQUISITION        CORP
713,AIRTW,AIR T INC
715,SDOG,ALPS ETF TR
716,AEPPL,AMERICAN ELEC PWR CO INC
718,AIG/WS,AMERICAN INTL GROUP INC
723,BAC/PL,BK OF AMERICA CORP
731,BSX/PA,BOSTON SCIENTIFIC CORP
732,BWL/A,BOWL AMER INC
733,BHR/PB,BRAEMAR HOTELS & RESORTS INC
738,CHNGU,CHANGE HEALTHCARE INC
741,DHR/PA,DANAHER CORPORATION
742,DBEF,DBX ETF TR
743,EMSG,DBX ETF TR
744,DEUS,DBX ETF TR
746,DTP,DTE ENERGY CO
747,ELAT,ELANCO ANIMAL HEALTH INC
749,ENR/PA,ENERGIZER HLDGS INC NEW
751,EQC/PD,EQUITY COMWLTH
752,WTRU,ESSENTIAL UTILS INC
753,AGM/A,FEDERAL AGRIC MTG CORP
754,FQAL,FIDELITY COVINGTON TRUST
755,FEP,FIRST TR EXCH TRD ALPHDX FD
756,FEM,FIRST TR EXCH TRD ALPHDX FD
757,FPX,FIRST TR EXCHANGE TRADED FD
758,FTCS,FIRST TR EXCHANGE-TRADED FD
759,QQXT,FIRST TR EXCHANGE-TRADED FD
760,EMLP,FIRST TR EXCHANGE-TRADED FD
761,FNX,FIRST TR MID CAP CORE ALPHAD
762,FVD,FIRST TR VALUE LINE DIVID IN
763,FLQL,FRANKLIN TEMPLETON ETF TR
766,GSIE,GOLDMAN SACHS ETF TR
767,GEM,GOLDMAN SACHS ETF TR
770,HFXI,INDEXIQ ETF TR
771,IFFT,INTERNATIONAL FLAVORS&FRAGRA
773,PLW,INVESCO EXCH TRADED FD TR II
774,XMLV,INVESCO EXCH TRADED FD TR II
775,PWZ,INVESCO EXCH TRADED FD TR II
776,IDLV,INVESCO EXCH TRADED FD TR II
777,SPMV,INVESCO EXCH TRADED FD TR II
778,PZT,INVESCO EXCH TRADED FD TR II
779,IPKW,INVESCO EXCH TRADED FD TR II
780,PXH,INVESCO EXCH TRADED FD TR II
781,PDN,INVESCO EXCH TRADED FD TR II
782,PXF,INVESCO EXCH TRADED FD TR II
783,RWK,INVESCO EXCH TRADED FD TR II
784,RZV,INVESCO EXCHANGE TRADED FD T
785,RFV,INVESCO EXCHANGE TRADED FD T
786,XLG,INVESCO EXCHANGE TRADED FD T
787,SPHQ,INVESCO EXCHANGE TRADED FD T
788,RPV,INVESCO EXCHANGE TRADED FD T
789,PEY,INVESCO EXCHANGE TRADED FD T
790,PRFZ,INVESCO EXCHANGE TRADED FD T
791,PRF,INVESCO EXCHANGE TRADED FD T
792,PDP,INVESCO EXCHANGE TRADED FD T
793,PIN,INVESCO INDIA EXCHANGE-TRADE
794,GHYG,ISHARES INC
795,EMHY,ISHARES INC
796,DVYE,ISHARES INC
797,EEMS,ISHARES INC
798,ACWV,ISHARES INC
799,EEMV,ISHARES INC
800,EZU,ISHARES INC
801,EPP,ISHARES INC
802,EUSA,ISHARES INC
803,EZA,ISHARES INC
804,EWH,ISHARES INC
805,ERUS,ISHARES INC
806,EWM,ISHARES INC
807,EWJ,ISHARES INC
808,EMGF,ISHARES INC
809,GSG,ISHARES S&P GSCI COMMODITY-
810,USIG,ISHARES TR
811,JKE,ISHARES TR
812,JKD,ISHARES TR
813,DVY,ISHARES TR
814,IXP,ISHARES TR
815,IXJ,ISHARES TR
816,IXG,ISHARES TR
817,IGE,ISHARES TR
818,JPXN,ISHARES TR
819,IVE,ISHARES TR
820,ICF,ISHARES TR
821,IOO,ISHARES TR
822,IWD,ISHARES TR
823,IWN,ISHARES TR
824,IUSV,ISHARES TR
825,IYH,ISHARES TR
826,IYG,ISHARES TR
827,IYF,ISHARES TR
828,IYY,ISHARES TR
829,IJS,ISHARES TR
830,AGZ,ISHARES TR
831,TOK,ISHARES TR
832,IGF,ISHARES TR
833,AIA,ISHARES TR
834,IDV,ISHARES TR
835,IFGL,ISHARES TR
836,USRT,ISHARES TR
837,DSI,ISHARES TR
838,GVI,ISHARES TR
839,SHV,ISHARES TR
840,MXI,ISHARES TR
841,JKL,ISHARES TR
842,JXI,ISHARES TR
843,EXI,ISHARES TR
844,KXI,ISHARES TR
845,RXI,ISHARES TR
846,SUSA,ISHARES TR
847,IHI,ISHARES TR
848,EFV,ISHARES TR
849,EFG,ISHARES TR
850,IWX,ISHARES TR
851,IWL,ISHARES TR
852,ILTB,ISHARES TR
853,IGLB,ISHARES TR
854,INDY,ISHARES TR
855,AOK,ISHARES TR
856,GOVT,ISHARES TR
857,QLTA,ISHARES TR
858,CMBS,ISHARES TR
859,INDA,ISHARES TR
860,SMIN,ISHARES TR
861,EFAV,ISHARES TR
862,USMV,ISHARES TR
863,QUAL,ISHARES TR
864,SIZE,ISHARES TR
865,VLUE,ISHARES TR
866,IYLD,ISHARES TR
867,IBCE,ISHARES TR
868,INTF,ISHARES TR
869,LRGF,ISHARES TR
870,SMLF,ISHARES TR
871,IMTM,ISHARES TR
872,IQLT,ISHARES TR
873,CRBN,ISHARES TR
874,CNYA,ISHARES TR
875,HEZU,ISHARES TR
876,REET,ISHARES TR
877,HEWG,ISHARES TR
878,UAE,ISHARES TR
879,QAT,ISHARES TR
880,HEFA,ISHARES TR
881,TFLO,ISHARES TR
882,ICSH,ISHARES TR
883,HEWJ,ISHARES TR
884,IBDO,ISHARES TR
885,IBDN,ISHARES TR
886,IBDQ,ISHARES TR
887,IBDP,ISHARES TR
888,IBDM,ISHARES TR
889,ICVT,ISHARES TR
890,SUSC,ISHARES TR
891,SUSB,ISHARES TR
892,IBML,ISHARES TR
893,IDEV,ISHARES TR
894,REM,ISHARES TR
895,IVLU,ISHARES TR
896,ISZE,ISHARES TR
897,SDG,ISHARES TR
898,DEFA,ISHARES TR
899,IAGG,ISHARES TR
900,IBMK,ISHARES TR
901,IBMJ,ISHARES TR
902,IBDR,ISHARES TR
903,MIDF,ISHARES TR
904,IBHC,ISHARES TR
905,IBHE,ISHARES TR
906,IBHB,ISHARES TR
907,IBHD,ISHARES TR
908,IBMO,ISHARES TR
909,IBMP,ISHARES TR
910,FOVL,ISHARES TR
911,EWJV,ISHARES TR
912,EWJE,ISHARES TR
913,IBMN,ISHARES TR
914,IBDT,ISHARES TR
915,EAGG,ISHARES TR
916,ESML,ISHARES TR
917,IBMM,ISHARES TR
918,IBDS,ISHARES TR
919,IBDU,ISHARES TR
920,STLG,ISHARES TR
921,XJR,ISHARES TR
922,XJH,ISHARES TR
923,XVV,ISHARES TR
924,GOVZ,ISHARES TR
925,IBTK,ISHARES TR
926,LDEM,ISHARES TR
927,EUSB,ISHARES TR
928,EAOA,ISHARES TR
929,EAOR,ISHARES TR
930,EAOM,ISHARES TR
931,EAOK,ISHARES TR
932,IBTA,ISHARES TR
933,IBDV,ISHARES TR
934,DMXF,ISHARES TR
935,USXF,ISHARES TR
936,STSB,ISHARES TR
937,STMB,ISHARES TR
938,STLC,ISHARES TR
939,IBTB,ISHARES TR
940,KWT,ISHARES TR
941,IBTJ,ISHARES TR
942,IBTI,ISHARES TR
943,IBTG,ISHARES TR
944,IBTF,ISHARES TR
945,IBTE,ISHARES TR
946,NEAR,ISHARES U S ETF TR
947,CCRV,ISHARES U S ETF TR
948,IEIH,ISHARES U S ETF TR
949,IEME,ISHARES U S ETF TR
950,IEFN,ISHARES U S ETF TR
951,LQDH,ISHARES U S ETF TR
952,MEAR,ISHARES U S ETF TR
953,COMT,ISHARES U S ETF TR
954,BBAX,J P MORGAN EXCHANGE-TRADED F
955,BBCA,J P MORGAN EXCHANGE-TRADED F
956,JPME,J P MORGAN EXCHANGE-TRADED F
957,JSML,JANUS DETROIT STR TR
959,LXP/PC,LEXINGTON REALTY TRUST
960,TPYP,MANAGED PORTFOLIO SERIES
964,NYCB/PU,NEW YORK CMNTY CAP TR V
966,NEE/PP,NEXTERA ENERGY INC
967,BIBL,NORTHERN LTS FD TR IV
971,OIBR/C,OI SA
973,STPZ,PIMCO ETF TR
974,HYS,PIMCO ETF TR
975,ZROZ,PIMCO ETF TR
976,SPXT,PROSHARES TR
977,SMDV,PROSHARES TR
978,VIXM,PROSHARES TR II
980,QTS/PB,QTS RLTY TR INC
983,TMFC,RBB FD INC
984,RCA,READY CAPITAL CORP
985,RLJ/PA,RLJ LODGING TR
987,SCHV,SCHWAB STRATEGIC TR
988,FNDC,SCHWAB STRATEGIC TR
989,FNDA,SCHWAB STRATEGIC TR
990,FNDX,SCHWAB STRATEGIC TR
991,SCHH,SCHWAB STRATEGIC TR
992,SCHP,SCHWAB STRATEGIC TR
993,SRE/PB,SEMPRA ENERGY
996,SJIU,SOUTH JERSEY INDS INC
997,SOLN,SOUTHERN CO
998,SMEZ,SPDR INDEX SHS FDS
999,QEMM,SPDR INDEX SHS FDS
1000,QEFA,SPDR INDEX SHS FDS
1001,GNR,SPDR INDEX SHS FDS
1002,RWO,SPDR INDEX SHS FDS
1003,GWX,SPDR INDEX SHS FDS
1004,VLU,SPDR SER TR
1005,SLYG,SPDR SER TR
1006,SLYV,SPDR SER TR
1007,EBND,SPDR SER TR
1008,SPYG,SPDR SER TR
1009,SPYV,SPDR SER TR
1010,RWR,SPDR SER TR
1011,SLY,SPDR SER TR
1012,MDYG,SPDR SER TR
1013,MDYV,SPDR SER TR
1014,SPYD,SPDR SER TR
1015,SPYX,SPDR SER TR
1016,SPSM,SPDR SER TR
1017,TIPX,SPDR SER TR
1018,CEF,SPROTT PHYSICAL GOLD & SILVE
1019,SWT,STANLEY BLACK & DECKER INC
1025,SHYD,VANECK VECTORS ETF TR
1026,SMB,VANECK VECTORS ETF TR
1027,EGPT,VANECK VECTORS ETF TR
1028,ITM,VANECK VECTORS ETF TR
1029,HYD,VANECK VECTORS ETF TR
1030,VOOV,VANGUARD ADMIRAL FDS INC
1031,VIOO,VANGUARD ADMIRAL FDS INC
1032,BLV,VANGUARD BD INDEX FDS
1033,VNQI,VANGUARD INTL EQUITY INDEX F
1034,VTHR,VANGUARD SCOTTSDALE FDS
1035,VCLT,VANGUARD SCOTTSDALE FDS
1036,VGLT,VANGUARD SCOTTSDALE FDS
1037,VYMI,VANGUARD WHITEHALL FDS
1038,EDV,VANGUARD WORLD FD
1039,MGV,VANGUARD WORLD FD
1040,MGC,VANGUARD WORLD FD
1041,VDC,VANGUARD WORLD FDS
1042,VHT,VANGUARD WORLD FDS
1043,USVM,VICTORY PORTFOLIOS II
1044,CDC,VICTORY PORTFOLIOS II
1045,CDL,VICTORY PORTFOLIOS II
1046,WFC/PL,WELLS FARGO CO NEW
1047,JW/B,WILEY JOHN & SONS INC
1048,EZM,WISDOMTREE TR
1049,AGGY,WISDOMTREE TR
1050,CXSE,WISDOMTREE TR
1051,ELD,WISDOMTREE TR
1056,FDN,FIRST TR EXCHANGE-TRADED FD
1057,IYZ,ISHARES TR
1058,XME,SPDR SER TR
1059,WBIE,ABSOLUTE SHS TR
1060,WBIG,ABSOLUTE SHS TR
1061,WBIL,ABSOLUTE SHS TR
1062,WBIT,ABSOLUTE SHS TR
1063,WBII,ABSOLUTE SHS TR
1064,AADR,ADVISORSHARES TR
1065,DWEQ,ADVISORSHARES TR
1066,YOLO,ADVISORSHARES TR
1067,DWSH,ADVISORSHARES TR
1068,HOLD,ADVISORSHARES TR
1069,AGBAW,AGBA ACQUISITION LTD
1070,MOM,AGF INVTS TR
1071,BTAL,AGF INVTS TR
1074,IVAL,ALPHA ARCHITECT ETF TR
1075,IMOM,ALPHA ARCHITECT ETF TR
1076,QMOM,ALPHA ARCHITECT ETF TR
1077,SNUG,ALPHA ARCHITECT ETF TR
1078,RDOG,ALPS ETF TR
1079,DTEC,ALPS ETF TR
1080,RFFC,ALPS ETF TR
1081,RFDA,ALPS ETF TR
1082,RFUN,ALPS ETF TR
1083,SBIO,ALPS ETF TR
1084,EDOG,ALPS ETF TR
1085,ENFR,ALPS ETF TR
1086,IDOG,ALPS ETF TR
1087,BFOR,ALPS ETF TR
1088,RIGS,ALPS ETF TR
1089,KORP,AMERICAN CENTY ETF TR
1090,VALQ,AMERICAN CENTY ETF TR
1091,QGRO,AMERICAN CENTY ETF TR
1092,QINT,AMERICAN CENTY ETF TR
1093,MID,AMERICAN CENTY ETF TR
1094,AVDV,AMERICAN CENTY ETF TR
1095,FDG,AMERICAN CENTY ETF TR
1096,AVUV,AMERICAN CENTY ETF TR
1097,AVUS,AMERICAN CENTY ETF TR
1098,YYY,AMPLIFY ETF TR
1099,SWAN,AMPLIFY ETF TR
1100,BLOK,AMPLIFY ETF TR
1101,ARKK,ARK ETF TR
1102,ARKQ,ARK ETF TR
1103,ARKG,ARK ETF TR
1104,PRNT,ARK ETF TR
1105,GYLD,ARROW ETF TR
1106,DWCR,ARROW INVTS TR
1107,DWAT,ARROW INVTS TR
1108,FNGU,BANK OF MONTREAL
1109,JO,BARCLAYS BANK PLC
1110,VXZ,BARCLAYS BANK PLC
1111,BAL,BARCLAYS BANK PLC
1113,CELG/R,BRISTOL-MYERS SQUIBB CO
1115,SYLD,CAMBRIA ETF TR
1116,FYLD,CAMBRIA ETF TR
1117,GVAL,CAMBRIA ETF TR
1118,GMOM,CAMBRIA ETF TR
1119,GAA,CAMBRIA ETF TR
1120,SOVB,CAMBRIA ETF TR
1121,CETXW,CEMTREX INC
1122,CHAQ/U,CHARDAN HEALTHCR ACQSTN 2 CO
1125,TADS,COLLABORATIVE INVESTMNT SER
1126,TEGS,COLLABORATIVE INVESTMNT SER
1127,TAEQ,COLLABORATIVE INVESTMNT SER
1128,ESGS,COLUMBIA ETF TR I
1129,ECON,COLUMBIA ETF TR II
1131,REML,CREDIT SUISSE NASSAU BRANCH
1134,DFNL,DAVIS FUNDAMENTAL ETF TR
1135,DWLD,DAVIS FUNDAMENTAL ETF TR
1136,USSG,DBX ETF TR
1137,HYUP,DBX ETF TR
1138,SHYL,DBX ETF TR
1139,DBGR,DBX ETF TR
1140,DBJP,DBX ETF TR
1141,DEEF,DBX ETF TR
1142,ASHX,DBX ETF TR
1143,EURZ,DBX ETF TR
1144,HDAW,DBX ETF TR
1145,HDEF,DBX ETF TR
1146,JPN,DBX ETF TR
1147,DBEZ,DBX ETF TR
1148,ESCR,DBX ETF TR
1149,ESHY,DBX ETF TR
1150,CN,DBX ETF TR
1151,DBAW,DBX ETF TR
1152,DBEU,DBX ETF TR
1153,ASHS,DBX ETF TR
1156,DMS/WS,DIGITAL MEDIA SOLUTIONS INC
1157,TECL,DIREXION SHS ETF TR
1158,SOXL,DIREXION SHS ETF TR
1159,TYO,DIREXION SHS ETF TR
1160,YINN,DIREXION SHS ETF TR
1161,TNA,DIREXION SHS ETF TR
1162,QQQE,DIREXION SHS ETF TR
1163,FAS,DIREXION SHS ETF TR
1164,CURE,DIREXION SHS ETF TR
1165,FAZ,DIREXION SHS ETF TR
1166,DRV,DIREXION SHS ETF TR
1167,CWEB,DIREXION SHS ETF TR
1168,DFEN,DIREXION SHS ETF TR
1169,QMJ,DIREXION SHS ETF TR
1170,ERX,DIREXION SHS ETF TR
1171,DRIP,DIREXION SHS ETF TR
1172,RETL,DIREXION SHS ETF TR
1173,UBOT,DIREXION SHS ETF TR
1174,JNUG,DIREXION SHS ETF TR
1175,TMV,DIREXION SHS ETF TR
1176,DPST,DIREXION SHS ETF TR
1177,TECS,DIREXION SHS ETF TR
1178,DUST,DIREXION SHS ETF TR
1179,EDC,DIREXION SHS ETF TR
1180,INDL,DIREXION SHS ETF TR
1181,CHAU,DIREXION SHS ETF TR
1182,TMF,DIREXION SHS ETF TR
1183,SPXL,DIREXION SHS ETF TR
1184,DRN,DIREXION SHS ETF TR
1185,RUSL,DIREXION SHS ETF TR
1186,NAIL,DIREXION SHS ETF TR
1191,UUUU/WS,ENERGY FUELS INC
1193,ENTR,ENTREPRENEURSHARES SERIES TR
1194,WUGI,ESOTERICA THEMATIC TRUST
1195,MJ,ETF MANAGERS TR
1196,GERM,ETF MANAGERS TR
1197,VALT,ETF MANAGERS TR
1198,IVES,ETF MANAGERS TR
1199,ITEQ,ETF MANAGERS TR
1200,MSVX,ETF SER SOLUTIONS
1201,NETL,ETF SER SOLUTIONS
1202,DRSK,ETF SER SOLUTIONS
1203,VIDI,ETF SER SOLUTIONS
1204,VSL,ETF SER SOLUTIONS
1205,VUSE,ETF SER SOLUTIONS
1206,PPTY,ETF SER SOLUTIONS
1207,SPDV,ETF SER SOLUTIONS
1208,VBND,ETF SER SOLUTIONS
1209,MXDU,ETF SER SOLUTIONS
1210,RBIN,ETF SER SOLUTIONS
1211,DEEP,ETF SER SOLUTIONS
1212,OCIO,ETF SER SOLUTIONS
1213,TCTL,ETF SER SOLUTIONS
1214,CNCR,ETF SER SOLUTIONS
1215,JETS,ETF SER SOLUTIONS
1216,BBP,ETFIS SER TR I
1217,BBC,ETFIS SER TR I
1218,VRAI,ETFIS SER TR I
1219,VPC,ETFIS SER TR I
1220,UTES,ETFIS SER TR I
1221,AMZA,ETFIS SER TR I
1222,TDSD,EXCHANGE LISTED FDS TR
1223,HYLD,EXCHANGE LISTED FDS TR
1224,UTRN,EXCHANGE TRADED CONCEPTS TR
1225,FLRG,FIDELITY COVINGTON TRUST
1226,FENY,FIDELITY COVINGTON TRUST
1227,FNCL,FIDELITY COVINGTON TRUST
1228,FDEV,FIDELITY COVINGTON TRUST
1229,FDHY,FIDELITY COVINGTON TRUST
1230,FIDI,FIDELITY COVINGTON TRUST
1231,FDMO,FIDELITY COVINGTON TRUST
1232,FDLO,FIDELITY COVINGTON TRUST
1233,FDRR,FIDELITY COVINGTON TRUST
1234,FDVV,FIDELITY COVINGTON TRUST
1235,FREL,FIDELITY COVINGTON TRUST
1236,FUTY,FIDELITY COVINGTON TRUST
1237,FCOM,FIDELITY COVINGTON TRUST
1238,FMAT,FIDELITY COVINGTON TRUST
1239,FLTB,FIDELITY MERRIMACK STR TR
1240,BICK,FIRST TR BICK INDEX FD
1241,FDM,FIRST TR DOW JONES SELECT MI
1242,FMB,FIRST TR EXCH TRADED FD III
1243,RFAP,FIRST TR EXCH TRADED FD III
1244,RFDI,FIRST TR EXCH TRADED FD III
1245,RFEU,FIRST TR EXCH TRADED FD III
1246,FSMB,FIRST TR EXCH TRADED FD III
1247,FPEI,FIRST TR EXCH TRADED FD III
1248,FCAL,FIRST TR EXCH TRADED FD III
1249,HDMV,FIRST TR EXCH TRADED FD III
1250,HUSV,FIRST TR EXCH TRADED FD III
1251,FUMB,FIRST TR EXCH TRADED FD III
1252,FPA,FIRST TR EXCH TRD ALPHDX FD
1253,FLN,FIRST TR EXCH TRD ALPHDX FD
1254,FCA,FIRST TR EXCH TRD ALPHDX FD
1255,FJP,FIRST TR EXCH TRD ALPHDX FD
1256,FDT,FIRST TR EXCH TRD ALPHDX FD
1257,FGM,FIRST TR EXCH TRD ALPHDX FD
1258,FKU,FIRST TR EXCH TRD ALPHDX FD
1259,FSZ,FIRST TR EXCH TRD ALPHDX FD
1260,FEMS,FIRST TR EXCH TRD ALPHDX FD
1261,FDTS,FIRST TR EXCH TRD ALPHDX FD
1262,FEUZ,FIRST TR EXCH TRD ALPHDX FD
1263,FNK,FIRST TR EXCH TRD ALPHDX FD
1264,FYT,FIRST TR EXCH TRD ALPHDX FD
1265,FNI,FIRST TR EXCHANGE TRADED FD
1266,EDOW,FIRST TR EXCHANGE TRADED FD
1267,FIW,FIRST TR EXCHANGE TRADED FD
1268,FXO,FIRST TR EXCHANGE TRADED FD
1269,FXH,FIRST TR EXCHANGE TRADED FD
1270,FXZ,FIRST TR EXCHANGE TRADED FD
1271,FXU,FIRST TR EXCHANGE TRADED FD
1272,FGD,FIRST TR EXCHANGE TRADED FD
1273,FDNI,FIRST TR EXCHANGE TRADED FD
1274,FTAG,FIRST TR EXCHANGE TRADED FD
1275,FPXI,FIRST TR EXCHANGE TRADED FD
1276,FLM,FIRST TR EXCHANGE TRADED FD
1277,FBT,FIRST TR EXCHANGE-TRADED FD
1278,TUSA,FIRST TR EXCHANGE-TRADED FD
1279,FCG,FIRST TR EXCHANGE-TRADED FD
1280,DWPP,FIRST TR EXCHANGE-TRADED FD
1281,MDIV,FIRST TR EXCHANGE-TRADED FD
1282,TDIV,FIRST TR EXCHANGE-TRADED FD
1283,RDVY,FIRST TR EXCHANGE-TRADED FD
1284,FV,FIRST TR EXCHANGE-TRADED FD
1285,FID,FIRST TR EXCHANGE-TRADED FD
1286,DDIV,FIRST TR EXCHANGE-TRADED FD
1287,DALI,FIRST TR EXCHANGE-TRADED FD
1288,ROBT,FIRST TR EXCHANGE-TRADED FD
1289,RNDM,FIRST TR EXCHANGE-TRADED FD
1290,FTXL,FIRST TR EXCHANGE-TRADED FD
1291,FTXD,FIRST TR EXCHANGE-TRADED FD
1292,FTXN,FIRST TR EXCHANGE-TRADED FD
1293,FMF,FIRST TR EXCHANGE-TRADED FD
1294,FDIV,FIRST TR EXCHANGE-TRADED FD
1295,FCVT,FIRST TR EXCHANGE-TRADED FD
1296,DVOL,FIRST TR EXCHANGE-TRADED FD
1297,LEGR,FIRST TR EXCHANGE-TRADED FD
1298,FCEF,FIRST TR EXCHNG TRADED FD VI
1299,MCEF,FIRST TR EXCHNG TRADED FD VI
1300,FMAY,FIRST TR EXCHNG TRADED FD VI
1301,AFLG,FIRST TR EXCHNG TRADED FD VI
1302,DNOV,FIRST TR EXCHNG TRADED FD VI
1303,DAUG,FIRST TR EXCHNG TRADED FD VI
1304,LDSF,FIRST TR EXCHNG TRADED FD VI
1305,FFR,FIRST TR FTSE EPRA / NAREIT
1306,FEX,FIRST TR LRGE CP CORE ALPHA
1307,FDL,FIRST TR MORNINGSTAR DIVID L
1308,FAD,FIRST TR MULTI CAP GROWTH AL
1309,QQEW,FIRST TR NAS100 EQ WEIGHTED
1310,QABA,FIRST TR NASDAQ ABA CMNTY BK
1311,FRI,FIRST TR S&P REIT INDEX FD
1312,FYX,FIRST TR SML CP CORE ALPHA F
1313,FDD,FIRST TR STOXX EUROPEAN SELE
1314,FTC,FIRST TRUST LRGCP GWT ALPHAD
1315,TLTE,FLEXSHARES TR
1316,TDTT,FLEXSHARES TR
1317,TDTF,FLEXSHARES TR
1318,ESGG,FLEXSHARES TR
1319,SKOR,FLEXSHARES TR
1320,GQRE,FLEXSHARES TR
1321,TLTD,FLEXSHARES TR
1322,IQDE,FLEXSHARES TR
1323,QDYN,FLEXSHARES TR
1324,QDF,FLEXSHARES TR
1326,FTSD,FRANKLIN ETF TR
1327,FLQE,FRANKLIN TEMPLETON ETF TR
1328,FLQD,FRANKLIN TEMPLETON ETF TR
1329,FLLV,FRANKLIN TEMPLETON ETF TR
1330,FLCO,FRANKLIN TEMPLETON ETF TR
1331,FLEH,FRANKLIN TEMPLETON ETF TR
1332,FLAX,FRANKLIN TEMPLETON ETF TR
1333,FLGB,FRANKLIN TEMPLETON ETF TR
1334,FLTW,FRANKLIN TEMPLETON ETF TR
1335,FLSW,FRANKLIN TEMPLETON ETF TR
1336,FLCH,FRANKLIN TEMPLETON ETF TR
1337,FLCA,FRANKLIN TEMPLETON ETF TR
1338,FLBR,FRANKLIN TEMPLETON ETF TR
1339,FLQS,FRANKLIN TEMPLETON ETF TR
1340,GLEO/U,GALILEO ACQUISITION CORP
1343,GXF,GLOBAL X FDS
1344,CHIM,GLOBAL X FDS
1345,SPFF,GLOBAL X FDS
1346,GURU,GLOBAL X FDS
1347,CHIQ,GLOBAL X FDS
1348,CHIE,GLOBAL X FDS
1349,CHIX,GLOBAL X FDS
1350,CHII,GLOBAL X FDS
1351,NORW,GLOBAL X FDS
1352,CHIC,GLOBAL X FDS
1353,EDOC,GLOBAL X FDS
1354,MLPX,GLOBAL X FDS
1355,GREK,GLOBAL X FDS
1356,MLPA,GLOBAL X FDS
1357,HERO,GLOBAL X FDS
1358,DAX,GLOBAL X FDS
1359,AUSF,GLOBAL X FDS
1360,TFIV,GLOBAL X FDS
1361,TFLT,GLOBAL X FDS
1362,QDIV,GLOBAL X FDS
1363,AIQ,GLOBAL X FDS
1364,NGE,GLOBAL X FDS
1365,BOSS,GLOBAL X FDS
1366,KRMA,GLOBAL X FDS
1367,MILN,GLOBAL X FDS
1368,BFIT,GLOBAL X FDS
1369,ALTY,GLOBAL X FDS
1370,COPX,GLOBAL X FDS
1371,URA,GLOBAL X FDS
1372,SDIV,GLOBAL X FDS
1373,SOCL,GLOBAL X FDS
1374,GSUS,GOLDMAN SACHS ETF TR
1375,GSEE,GOLDMAN SACHS ETF TR
1376,GSID,GOLDMAN SACHS ETF TR
1377,GSST,GOLDMAN SACHS ETF TR
1378,GTIP,GOLDMAN SACHS ETF TR
1379,JUST,GOLDMAN SACHS ETF TR
1380,GSJY,GOLDMAN SACHS ETF TR
1381,GSEW,GOLDMAN SACHS ETF TR
1382,GHYB,GOLDMAN SACHS ETF TR
1383,XOUT,GRANITESHARES ETF TR
1384,HMOP,HARTFORD FDS EXCHANGE TRADED
1385,HSRT,HARTFORD FDS EXCHANGE TRADED
1387,HYMCZ,HYCROFT MINING HOLDING CORP
1388,ULTR,INDEXIQ ACTIVE ETF TR
1389,QAI,INDEXIQ ETF TR
1390,QLS,INDEXIQ ETF TR
1391,QED,INDEXIQ ETF TR
1392,HYLV,INDEXIQ ETF TR
1393,IQSI,INDEXIQ ETF TR
1394,IQSU,INDEXIQ ETF TR
1395,AGGP,INDEXIQ ETF TR
1396,QMN,INDEXIQ ETF TR
1397,CPI,INDEXIQ ETF TR
1398,ROOF,INDEXIQ ETF TR
1399,MNA,INDEXIQ ETF TR
1401,LDRS,INNOVATOR ETFS TR
1402,TBJL,INNOVATOR ETFS TR
1403,UMAY,INNOVATOR ETFS TR
1404,PMAY,INNOVATOR ETFS TR
1405,BMAY,INNOVATOR ETFS TR
1406,NAPR,INNOVATOR ETFS TR
1407,KAPR,INNOVATOR ETFS TR
1408,UMAR,INNOVATOR ETFS TR
1409,BMAR,INNOVATOR ETFS TR
1410,PFEB,INNOVATOR ETFS TR
1411,NJAN,INNOVATOR ETFS TR
1412,EJAN,INNOVATOR ETFS TR
1413,PDEC,INNOVATOR ETFS TR
1414,BDEC,INNOVATOR ETFS TR
1415,NOCT,INNOVATOR ETFS TR
1416,PSEP,INNOVATOR ETFS TR
1417,BSEP,INNOVATOR ETFS TR
1418,UAUG,INNOVATOR ETFS TR
1419,IJUL,INNOVATOR ETFS TR
1420,UJUN,INNOVATOR ETFS TR
1421,PJUN,INNOVATOR ETFS TR
1422,BJUN,INNOVATOR ETFS TR
1423,BOCT,INNOVATOR ETFS TR
1424,BJUL,INNOVATOR ETFS TR
1425,POCT,INNOVATOR ETFS TR
1426,UAPR,INNOVATOR ETFS TR
1427,PJUL,INNOVATOR ETFS TR
1428,UOCT,INNOVATOR ETFS TR
1429,UJUL,INNOVATOR ETFS TR
1430,PAPR,INNOVATOR ETFS TR
1431,NSPR/WS,INSPIREMD INC
1432,NSPR/WS/B,INSPIREMD INC
1433,PSR,INVESCO ACTIVELY MANAGED ETF
1434,PSMB,INVESCO ACTIVELY MANAGED ETF
1435,PSMC,INVESCO ACTIVELY MANAGED ETF
1436,PSMG,INVESCO ACTIVELY MANAGED ETF
1437,GTO,INVESCO ACTIVELY MANAGED ETF
1438,ADRE,INVESCO ACTIVELY MANAGED ETF
1439,FXA,INVESCO CURRENCYSHARES AUSTR
1440,FXB,INVESCO CURRENCYSHARES BRIT
1441,FXC,INVESCO CURRENCYSHARES CDN D
1442,FXY,INVESCO CURRENCYSHARES JAPAN
1443,FXF,INVESCO CURRENCYSHARES SWISS
1444,DBC,INVESCO DB COMMDY INDX TRCK
1445,DBA,INVESCO DB MULTI-SECTOR COMM
1446,DBS,INVESCO DB MULTI-SECTOR COMM
1447,DBO,INVESCO DB MULTI-SECTOR COMM
1448,DBP,INVESCO DB MULTI-SECTOR COMM
1449,UDN,INVESCO DB US DLR INDEX TR
1450,UUP,INVESCO DB US DLR INDEX TR
1451,PSCT,INVESCO EXCH TRADED FD TR II
1452,PSCI,INVESCO EXCH TRADED FD TR II
1453,PSCH,INVESCO EXCH TRADED FD TR II
1454,PSCF,INVESCO EXCH TRADED FD TR II
1455,PSCE,INVESCO EXCH TRADED FD TR II
1456,PSCC,INVESCO EXCH TRADED FD TR II
1457,IDHD,INVESCO EXCH TRADED FD TR II
1458,CGW,INVESCO EXCH TRADED FD TR II
1459,EEMO,INVESCO EXCH TRADED FD TR II
1460,EELV,INVESCO EXCH TRADED FD TR II
1461,SPHD,INVESCO EXCH TRADED FD TR II
1462,SPHB,INVESCO EXCH TRADED FD TR II
1463,XRLV,INVESCO EXCH TRADED FD TR II
1464,USLB,INVESCO EXCH TRADED FD TR II
1465,PBTP,INVESCO EXCH TRADED FD TR II
1466,CUT,INVESCO EXCH TRADED FD TR II
1467,KBWR,INVESCO EXCH TRADED FD TR II
1468,KBWP,INVESCO EXCH TRADED FD TR II
1469,PICB,INVESCO EXCH TRADED FD TR II
1470,PIO,INVESCO EXCH TRADED FD TR II
1471,PFIG,INVESCO EXCH TRADED FD TR II
1472,IDLB,INVESCO EXCH TRADED FD TR II
1473,DWAS,INVESCO EXCH TRADED FD TR II
1474,PIE,INVESCO EXCH TRADED FD TR II
1475,XSLV,INVESCO EXCH TRADED FD TR II
1476,PSCM,INVESCO EXCH TRADED FD TR II
1477,XSHQ,INVESCO EXCH TRADED FD TR II
1478,PSCU,INVESCO EXCH TRADED FD TR II
1479,RWJ,INVESCO EXCH TRADED FD TR II
1480,PVI,INVESCO EXCH TRADED FD TR II
1481,CLTL,INVESCO EXCH TRADED FD TR II
1482,BSJS,INVESCO EXCH TRD SLF IDX FD
1483,BSCU,INVESCO EXCH TRD SLF IDX FD
1484,BSMR,INVESCO EXCH TRD SLF IDX FD
1485,BSMN,INVESCO EXCH TRD SLF IDX FD
1486,BSMM,INVESCO EXCH TRD SLF IDX FD
1487,OMFL,INVESCO EXCH TRD SLF IDX FD
1488,BSJQ,INVESCO EXCH TRD SLF IDX FD
1489,BSCS,INVESCO EXCH TRD SLF IDX FD
1490,BSDE,INVESCO EXCH TRD SLF IDX FD
1491,ISEM,INVESCO EXCH TRD SLF IDX FD
1492,BSCL,INVESCO EXCH TRD SLF IDX FD
1493,ISDX,INVESCO EXCH TRD SLF IDX FD
1494,IUSS,INVESCO EXCH TRD SLF IDX FD
1495,DEF,INVESCO EXCH TRD SLF IDX FD
1496,BSCR,INVESCO EXCH TRD SLF IDX FD
1497,BSCQ,INVESCO EXCH TRD SLF IDX FD
1498,BSJL,INVESCO EXCH TRD SLF IDX FD
1499,BSJP,INVESCO EXCH TRD SLF IDX FD
1500,BSCP,INVESCO EXCH TRD SLF IDX FD
1501,BSJO,INVESCO EXCH TRD SLF IDX FD
1502,BSCO,INVESCO EXCH TRD SLF IDX FD
1503,BSJN,INVESCO EXCH TRD SLF IDX FD
1504,BSCN,INVESCO EXCH TRD SLF IDX FD
1505,BSJM,INVESCO EXCH TRD SLF IDX FD
1506,PPA,INVESCO EXCHANGE TRADED FD T
1507,PHO,INVESCO EXCHANGE TRADED FD T
1508,CSD,INVESCO EXCHANGE TRADED FD T
1509,RZG,INVESCO EXCHANGE TRADED FD T
1510,RFG,INVESCO EXCHANGE TRADED FD T
1511,EWMC,INVESCO EXCHANGE TRADED FD T
1512,RYU,INVESCO EXCHANGE TRADED FD T
1513,RYT,INVESCO EXCHANGE TRADED FD T
1514,PKW,INVESCO EXCHANGE TRADED FD T
1515,RGI,INVESCO EXCHANGE TRADED FD T
1516,RYH,INVESCO EXCHANGE TRADED FD T
1517,RYF,INVESCO EXCHANGE TRADED FD T
1518,RYE,INVESCO EXCHANGE TRADED FD T
1519,RHS,INVESCO EXCHANGE TRADED FD T
1520,PBP,INVESCO EXCHANGE TRADED FD T
1521,PZD,INVESCO EXCHANGE TRADED FD T
1522,SPVM,INVESCO EXCHANGE TRADED FD T
1523,SPGP,INVESCO EXCHANGE TRADED FD T
1524,EQWL,INVESCO EXCHANGE TRADED FD T
1525,XMVM,INVESCO EXCHANGE TRADED FD T
1526,XMMO,INVESCO EXCHANGE TRADED FD T
1527,XMHQ,INVESCO EXCHANGE TRADED FD T
1528,XSMO,INVESCO EXCHANGE TRADED FD T
1529,RYJ,INVESCO EXCHANGE TRADED FD T
1530,PNQI,INVESCO EXCHANGE TRADED FD T
1531,PID,INVESCO EXCHANGE TRADED FD T
1532,PGJ,INVESCO EXCHANGE TRADED FD T
1533,PSP,INVESCO EXCHANGE TRADED FD T
1534,PSJ,INVESCO EXCHANGE TRADED FD T
1535,PSI,INVESCO EXCHANGE TRADED FD T
1536,PJP,INVESCO EXCHANGE TRADED FD T
1537,PXJ,INVESCO EXCHANGE TRADED FD T
1538,PXQ,INVESCO EXCHANGE TRADED FD T
1539,PYZ,INVESCO EXCHANGE TRADED FD T
1540,PWC,INVESCO EXCHANGE TRADED FD T
1541,PEJ,INVESCO EXCHANGE TRADED FD T
1542,PWV,INVESCO EXCHANGE TRADED FD T
1543,PWB,INVESCO EXCHANGE TRADED FD T
1544,PBJ,INVESCO EXCHANGE TRADED FD T
1545,PXE,INVESCO EXCHANGE TRADED FD T
1546,PBE,INVESCO EXCHANGE TRADED FD T
1547,PUI,INVESCO EXCHANGE TRADED FD T
1548,PTF,INVESCO EXCHANGE TRADED FD T
1549,PRN,INVESCO EXCHANGE TRADED FD T
1550,PFI,INVESCO EXCHANGE TRADED FD T
1551,PXI,INVESCO EXCHANGE TRADED FD T
1552,PSL,INVESCO EXCHANGE TRADED FD T
1553,CZA,INVESCO EXCHANGE TRADED FD T
1554,IIGV,INVESCO EXCHNG TRAD SLF INDE
1556,KLDW,INVESTMENT MANAGERS SER TR
1557,CEMB,ISHARES INC
1558,DVYA,ISHARES INC
1559,EWK,ISHARES INC
1560,SLVP,ISHARES INC
1561,FILL,ISHARES INC
1562,URTH,ISHARES INC
1563,EEMA,ISHARES INC
1564,SCJ,ISHARES INC
1565,RING,ISHARES INC
1566,IGN,ISHARES TR
1567,IDU,ISHARES TR
1568,IYJ,ISHARES TR
1569,IYE,ISHARES TR
1570,IYK,ISHARES TR
1571,IYM,ISHARES TR
1572,WOOD,ISHARES TR
1573,JKG,ISHARES TR
1574,EMIF,ISHARES TR
1575,JKH,ISHARES TR
1576,JKI,ISHARES TR
1577,WPS,ISHARES TR
1578,JKJ,ISHARES TR
1579,REZ,ISHARES TR
1580,GBF,ISHARES TR
1581,JKK,ISHARES TR
1582,IAT,ISHARES TR
1583,IAK,ISHARES TR
1584,IAI,ISHARES TR
1585,IHF,ISHARES TR
1586,IHE,ISHARES TR
1587,IEZ,ISHARES TR
1588,IEO,ISHARES TR
1589,IWC,ISHARES TR
1590,EWZS,ISHARES TR
1591,ECNS,ISHARES TR
1592,EWUS,ISHARES TR
1593,ENOR,ISHARES TR
1594,EIRL,ISHARES TR
1595,EFNL,ISHARES TR
1596,EDEN,ISHARES TR
1597,IBDD,ISHARES TR
1598,ACWF,ISHARES TR
1599,IPAC,ISHARES TR
1600,BYLD,ISHARES TR
1601,SMMD,ISHARES TR
1602,SMMV,ISHARES TR
1603,FALN,ISHARES TR
1604,HEWC,ISHARES TR
1605,HEWU,ISHARES TR
1606,IHAK,ISHARES TR
1607,IDNA,ISHARES TR
1608,IDRV,ISHARES TR
1609,IRBO,ISHARES TR
1610,FIBR,ISHARES TR
1611,DIVB,ISHARES TR
1612,SGOV,ISHARES TR
1613,IBTH,ISHARES TR
1614,IBTD,ISHARES TR
1615,IETC,ISHARES U S ETF TR
1616,IEDI,ISHARES U S ETF TR
1617,IECS,ISHARES U S ETF TR
1618,EMBH,ISHARES U S ETF TR
1619,JPIN,J P MORGAN EXCHANGE-TRADED F
1620,BBUS,J P MORGAN EXCHANGE-TRADED F
1621,JPUS,J P MORGAN EXCHANGE-TRADED F
1622,JAGG,J P MORGAN EXCHANGE-TRADED F
1623,JMUB,J P MORGAN EXCHANGE-TRADED F
1624,BBRE,J P MORGAN EXCHANGE-TRADED F
1625,JQUA,J P MORGAN EXCHANGE-TRADED F
1626,JMIN,J P MORGAN EXCHANGE-TRADED F
1627,JPSE,J P MORGAN EXCHANGE-TRADED F
1628,JPIB,J P MORGAN EXCHANGE-TRADED F
1629,JSMD,JANUS DETROIT STR TR
1630,OLD,JANUS DETROIT STR TR
1631,JMBS,JANUS DETROIT STR TR
1632,JHML,JOHN HANCOCK EXCHANGE TRADED
1633,JHMF,JOHN HANCOCK EXCHANGE TRADED
1634,JHMH,JOHN HANCOCK EXCHANGE TRADED
1635,JHMA,JOHN HANCOCK EXCHANGE TRADED
1636,JHEM,JOHN HANCOCK EXCHANGE TRADED
1637,JHSC,JOHN HANCOCK EXCHANGE TRADED
1638,JHMD,JOHN HANCOCK EXCHANGE TRADED
1639,JHMU,JOHN HANCOCK EXCHANGE TRADED
1640,JHMS,JOHN HANCOCK EXCHANGE TRADED
1641,AMJ,JPMORGAN CHASE & CO
1642,KCNY,KRANESHARES TR
1643,KSCD,KRANESHARES TR
1645,ROAM,LATTICE STRATEGIES TR
1646,CACG,LEGG MASON ETF INVT TR
1647,LVHD,LEGG MASON ETF INVT TR
1648,WINC,LEGG MASON ETF INVT TR
1649,LCR,LEUTHOLD FDS INC
1650,LN,LINE CORP
1651,NERD,LISTED FD TR
1652,BETZ,LISTED FD TR
1653,LRNZ,LISTED FD TR
1654,OVF,LISTED FD TR
1655,DBMF,MANAGER DIRECTED PORTFOLIOS
1663,HYTR,NORTHERN LTS FD TR III
1664,LCG,NORTHERN LTS FD TR IV
1665,FFSG,NORTHERN LTS FD TR IV
1666,IBD,NORTHERN LTS FD TR IV
1667,BLES,NORTHERN LTS FD TR IV
1668,FFTI,NORTHERN LTS FD TR IV
1669,NUSA,NUSHARES ETF TR
1670,NULG,NUSHARES ETF TR
1671,NUSC,NUSHARES ETF TR
1672,NUDM,NUSHARES ETF TR
1673,NUEM,NUSHARES ETF TR
1677,ONTXW,ONCONOVA THERAPEUTICS INC
1678,OGIG,OSI ETF TR
1680,PTLC,PACER FDS TR
1681,PTMC,PACER FDS TR
1682,PTNQ,PACER FDS TR
1683,AFTY,PACER FDS TR
1684,PTBD,PACER FDS TR
1685,TRND,PACER FDS TR
1686,PTIN,PACER FDS TR
1687,GCOW,PACER FDS TR
1688,PTEU,PACER FDS TR
1689,ICOW,PACER FDS TR
1691,PHYL,PGIM ETF TR
1692,MFDX,PIMCO EQUITY SER
1693,MFEM,PIMCO EQUITY SER
1694,LTPZ,PIMCO ETF TR
1695,TIPZ,PIMCO ETF TR
1696,EMNT,PIMCO ETF TR
1697,LDUR,PIMCO ETF TR
1698,MUNI,PIMCO ETF TR
1699,SMMU,PIMCO ETF TR
1701,YLD,PRINCIPAL EXCHANGE-TRADED FD
1702,PSET,PRINCIPAL EXCHANGE-TRADED FD
1703,PY,PRINCIPAL EXCHANGE-TRADED FD
1704,PSC,PRINCIPAL EXCHANGE-TRADED FD
1705,GDVD,PRINCIPAL EXCHANGE-TRADED FD
1706,PDEV,PRINCIPAL EXCHANGE-TRADED FD
1707,USMC,PRINCIPAL EXCHANGE-TRADED FD
1708,UFO,PROCURE ETF TRUST II
1709,ONLN,PROSHARES TR
1710,SMN,PROSHARES TR
1711,DOG,PROSHARES TR
1712,MYY,PROSHARES TR
1713,SPXU,PROSHARES TR
1714,DXD,PROSHARES TR
1715,CLIX,PROSHARES TR
1716,TOLZ,PROSHARES TR
1717,EUDV,PROSHARES TR
1718,IGHG,PROSHARES TR
1719,REGL,PROSHARES TR
1720,EMSH,PROSHARES TR
1721,PSQ,PROSHARES TR
1722,EFAD,PROSHARES TR
1723,EMDV,PROSHARES TR
1724,SDOW,PROSHARES TR
1725,OILK,PROSHARES TR
1726,BIS,PROSHARES TR
1727,SQQQ,PROSHARES TR
1728,QLD,PROSHARES TR
1729,BIB,PROSHARES TR
1730,DDM,PROSHARES TR
1731,PST,PROSHARES TR
1732,USD,PROSHARES TR
1733,UPW,PROSHARES TR
1734,ROM,PROSHARES TR
1735,RXL,PROSHARES TR
1736,UYM,PROSHARES TR
1737,UWM,PROSHARES TR
1738,EET,PROSHARES TR
1739,RALS,PROSHARES TR
1740,SBM,PROSHARES TR
1741,URE,PROSHARES TR
1742,UYG,PROSHARES TR
1743,REK,PROSHARES TR
1744,URTY,PROSHARES TR
1745,UMDD,PROSHARES TR
1746,TQQQ,PROSHARES TR
1747,UPRO,PROSHARES TR
1748,SRTY,PROSHARES TR
1749,EPV,PROSHARES TR
1750,NOBL,PROSHARES TR
1751,PEX,PROSHARES TR
1752,MRGR,PROSHARES TR
1753,SDS,PROSHARES TR
1754,SKF,PROSHARES TR
1755,DIG,PROSHARES TR
1756,XPP,PROSHARES TR
1757,RWM,PROSHARES TR
1758,SRS,PROSHARES TR
1759,DUG,PROSHARES TR
1760,SVXY,PROSHARES TR II
1761,VIXY,PROSHARES TR II
1762,AGQ,PROSHARES TR II
1763,KOLD,PROSHARES TR II
1764,UGL,PROSHARES TR II
1765,SCO,PROSHARES TR II
1766,BOIL,PROSHARES TR II
1767,UCO,PROSHARES TR II
1768,EUO,PROSHARES TR II
1769,ZSL,PROSHARES TR II
1770,GLL,PROSHARES TR II
1772,IPO,RENAISSANCE CAP GREENWICH FD
1773,IPOS,RENAISSANCE CAP GREENWICH FD
1777,SCHQ,SCHWAB STRATEGIC TR
1778,SCHI,SCHWAB STRATEGIC TR
1779,SCHJ,SCHWAB STRATEGIC TR
1780,SCHK,SCHWAB STRATEGIC TR
1782,NANR,SPDR INDEX SHS FDS
1783,LOWC,SPDR INDEX SHS FDS
1784,ZDEU,SPDR INDEX SHS FDS
1785,ZJPN,SPDR INDEX SHS FDS
1786,QWLD,SPDR INDEX SHS FDS
1787,WDIV,SPDR INDEX SHS FDS
1788,SPGM,SPDR INDEX SHS FDS
1789,EDIV,SPDR INDEX SHS FDS
1790,DWX,SPDR INDEX SHS FDS
1791,GII,SPDR INDEX SHS FDS
1792,RWX,SPDR INDEX SHS FDS
1793,EEMX,SPDR INDEX SHS FDS
1794,XITK,SPDR SER TR
1795,SPBO,SPDR SER TR
1796,IBND,SPDR SER TR
1797,BWZ,SPDR SER TR
1798,SPLB,SPDR SER TR
1799,SPMB,SPDR SER TR
1800,XHS,SPDR SER TR
1801,XHE,SPDR SER TR
1802,XAR,SPDR SER TR
1803,DGT,SPDR SER TR
1804,XPH,SPDR SER TR
1805,KCE,SPDR SER TR
1806,KIE,SPDR SER TR
1807,XSD,SPDR SER TR
1808,BILS,SPDR SER TR
1809,EFIV,SPDR SER TR
1810,XES,SPDR SER TR
1811,SPHY,SPDR SER TR
1812,CNRG,SPDR SER TR
1813,FITE,SPDR SER TR
1814,MMTM,SPDR SER TR
1815,DWFI,SPDR SER TR
1816,SHE,SPDR SER TR
1817,ONEO,SPDR SER TR
1818,ONEY,SPDR SER TR
1819,LGLV,SPDR SER TR
1820,PHYS,SPROTT PHYSICAL GOLD TR
1821,INKM,SSGA ACTIVE ETF TR
1822,SYE,SSGA ACTIVE ETF TR
1823,SYV,SSGA ACTIVE ETF TR
1824,SYG,SSGA ACTIVE ETF TR
1825,STOT,SSGA ACTIVE TR
1826,EMTL,SSGA ACTIVE TR
1827,FISR,SSGA ACTIVE TR
1828,ROMO,STRATEGY SHS
1830,GRU,SWEDISH EXPT CR CORP
1831,RJN,SWEDISH EXPT CR CORP
1832,RJZ,SWEDISH EXPT CR CORP
1833,CORN,TEUCRIUM COMMODITY TR
1834,WEAT,TEUCRIUM COMMODITY TR
1835,SOYB,TEUCRIUM COMMODITY TR
1836,TPIF,TIMOTHY PLAN
1837,TPLC,TIMOTHY PLAN
1838,TTAC,TRIMTABS ETF TR
1839,TTAI,TRIMTABS ETF TR
1840,WLDR,TWO RDS SHARED TR
1841,AESR,TWO RDS SHARED TR
1842,AFIF,TWO RDS SHARED TR
1843,USWSW,U S WELL SVCS INC
1844,FBGX,UBS AG LONDON BRANCH
1845,MLPB,UBS AG LONDON BRANCH
1846,ABEQ,UNIFIED SER TR
1847,USL,UNITED STS 12 MONTH OIL FD L
1848,UGA,UNITED STS GASOLINE FD LP
1849,UNG,UNITED STS NAT GAS FD LP
1852,ESPO,VANECK VECTORS ETF TR
1853,RAAX,VANECK VECTORS ETF TR
1854,LFEQ,VANECK VECTORS ETF TR
1855,SLX,VANECK VECTORS ETF TR
1856,EVX,VANECK VECTORS ETF TR
1857,HYEM,VANECK VECTORS ETF TR
1858,CRAK,VANECK VECTORS ETF TR
1859,MOTI,VANECK VECTORS ETF TR
1860,NLR,VANECK VECTORS ETF TR
1861,RTH,VANECK VECTORS ETF TR
1862,PPH,VANECK VECTORS ETF TR
1863,BBH,VANECK VECTORS ETF TR
1864,GLCN,VANECK VECTORS ETF TR
1865,GLIN,VANECK VECTORS ETF TR
1866,VNM,VANECK VECTORS ETF TR
1867,BRF,VANECK VECTORS ETF TR
1868,HAP,VANECK VECTORS ETF TR
1869,AFK,VANECK VECTORS ETF TR
1870,DURA,VANECK VECTORS ETF TR
1871,FRAK,VANECK VECTORS ETF TR
1872,CNXT,VANECK VECTORS ETF TR
1873,REMX,VANECK VECTORS ETF TR
1874,VIOV,VANGUARD ADMIRAL FDS INC
1875,VIOG,VANGUARD ADMIRAL FDS INC
1876,IVOV,VANGUARD ADMIRAL FDS INC
1877,IVOG,VANGUARD ADMIRAL FDS INC
1878,IVOO,VANGUARD ADMIRAL FDS INC
1879,BNDW,VANGUARD SCOTTSDALE FDS
1880,VTC,VANGUARD SCOTTSDALE FDS
1881,VTWV,VANGUARD SCOTTSDALE FDS
1882,VONV,VANGUARD SCOTTSDALE FDS
1883,VFLQ,VANGUARD WELLINGTON FD
1884,VFMV,VANGUARD WELLINGTON FD
1885,VFMO,VANGUARD WELLINGTON FD
1886,VFMF,VANGUARD WELLINGTON FD
1887,VSGX,VANGUARD WORLD FD
1888,ESGV,VANGUARD WORLD FD
1889,VFH,VANGUARD WORLD FDS
1890,VPU,VANGUARD WORLD FDS
1891,UITB,VICTORY PORTFOLIOS II
1892,UIVM,VICTORY PORTFOLIOS II
1893,VSMV,VICTORY PORTFOLIOS II
1894,CFA,VICTORY PORTFOLIOS II
1895,CEY,VICTORY PORTFOLIOS II
1896,CIZ,VICTORY PORTFOLIOS II
1897,CSA,VICTORY PORTFOLIOS II
1898,CID,VICTORY PORTFOLIOS II
1899,BLHY,VIRTUS ETF TR II
1904,DTD,WISDOMTREE TR
1905,DHS,WISDOMTREE TR
1906,DRW,WISDOMTREE TR
1907,HYZD,WISDOMTREE TR
1908,DXGE,WISDOMTREE TR
1909,DON,WISDOMTREE TR
1910,DXJS,WISDOMTREE TR
1911,QSY,WISDOMTREE TR
1912,EES,WISDOMTREE TR
1913,EPS,WISDOMTREE TR
1914,RESP,WISDOMTREE TR
1915,DWM,WISDOMTREE TR
1916,DIM,WISDOMTREE TR
1917,DOO,WISDOMTREE TR
1918,DOL,WISDOMTREE TR
1919,DNL,WISDOMTREE TR
1920,DXJ,WISDOMTREE TR
1921,DFE,WISDOMTREE TR
1922,SFHY,WISDOMTREE TR
1923,WFHY,WISDOMTREE TR
1924,WFIG,WISDOMTREE TR
1925,RESE,WISDOMTREE TR
1926,DDWM,WISDOMTREE TR
1927,DDLS,WISDOMTREE TR
1928,XSOE,WISDOMTREE TR
1929,IHDG,WISDOMTREE TR
1930,USFR,WISDOMTREE TR
1931,DGRW,WISDOMTREE TR
1932,HEDJ,WISDOMTREE TR
1933,WCLD,WISDOMTREE TR
1934,RESD,WISDOMTREE TR
1935,PLAT,WISDOMTREE TR
1936,MTGP,WISDOMTREE TR
1937,EMMF,WISDOMTREE TR
1942,TALO/WS,TALOS ENERGY INC
1943,THCBW,TUSCAN HLDGS CORP
1944,THCAW,TUSCAN HLDGS CORP II
1946,BRMK/WS,BROADMARK RLTY CAP INC
1947,ADVWW,ADVANTAGE -CW26
1948,FSTA,FID-CON STAPLES
1949,MPLN/WS,MULTI PLAN-CW27
1950,FSR/WS,SPARTAN ENE-CW23
1951,SBE/WS,SWITCHBACK -CW24
1952,MOO,VANECK VECTORS A
1953,AMBC/WS,AMBAC FINL GROUP INC
1954,FLMNW,FALCON MINERALS CORP
1955,IMTXW,IMMATICS N.V
1956,RPLA/U,REPLAY ACQUISITION CORP
1957,VLDRW,VELODYNE LIDAR INC
